{"centers": [85.27634459036898, 162.62127678213858], "distance": 5416727.514277543, "time": 116.5598509311676}